{
    "DummyClassifier": {
        "accuracy": 0.7375,
        "f1": 0.0
    },
    "LogisticRegression": {
        "accuracy": 0.8119444444444445,
        "f1": 0.5606748864373783,
        "roc_auc": 0.7976914875596609
    },
    "DecisionTree": {
        "accuracy": 0.8288888888888889,
        "f1": 0.619283065512979,
        "roc_auc": 0.8287615460496818
    },
    "RandomForest": {
        "accuracy": 0.8888888888888888,
        "f1": 0.7490589711417817,
        "roc_auc": 0.9259610000099643
    },
    "HistGradientBoosting": {
        "accuracy": 0.9080555555555555,
        "f1": 0.8100975329890993,
        "roc_auc": 0.9321001604240775
    },
    "StackingClassifier": {
        "accuracy": 0.8963888888888889,
        "f1": 0.7893845285149633,
        "roc_auc": 0.9233049352823364
    }
}