fold,roc_auc
1,0.9810714285714286
2,0.983452380952381
3,0.9989880952380952
4,0.9846428571428572
5,0.9813095238095237
