value,count,share
RU,21,0.8076923076923077
KZ,5,0.19230769230769232
