value,count,share
Moscow,11,0.7857142857142857
Saint Petersburg,3,0.21428571428571427
