value,count,share
Basic,14,0.5384615384615384
Free,12,0.46153846153846156
