value,count,share
Organic,16,0.6666666666666666
Ads,8,0.3333333333333333
